# The 8 MiB board (M5StickS3): the 16 MiB table's layout in half the flash,
# without a model partition. ota_0 and ota_1 are the two app slots
# system.update alternates between; otadata records which one boots.
# iterate_kit holds the ITERKIT1 provisioning image Kit writes.
# Name,     Type, SubType, Offset,   Size,     Flags
nvs,        data, nvs,     0x9000,   0x6000,
phy_init,   data, phy,     0xf000,   0x1000,
ota_0,      app,  ota_0,   0x10000,  0x200000,
iterate_kit, 0x40, 0x00,   0x210000, 0x1000,
otadata,    data, ota,     0x211000, 0x2000,
ota_1,      app,  ota_1,   0x220000, 0x200000,
